Season,League,Pick #,Team,Owner,Wins,Losses,Ties,Games,Win %,,League,Owner,Pick,Wins,Losses,Ties,Games,Win %,Hist. %,Rank,First / Last?,Net $ (Raw),Net $ (Adj),Pro / Rel?,
2026-27,1,1,L.A. Rams,Jack,1,2,0,3,33%,,1,Austin,8,7,5,0,12,58.3%,55.5%,1,TBD,$175.00,$175.00,,
2026-27,1,2,Baltimore,Matt,2,1,0,3,67%,,,Joe,5,7,5,0,12,58.3%,52.5%,2,TBD,-$25.00,-$25.00,,
2026-27,1,3,Seattle,Thomas,2,1,0,3,67%,,,Luis,7,7,5,0,12,58.3%,52.1%,3,TBD,-$25.00,-$25.00,,
2026-27,1,4,Buffalo,Mike B,3,0,0,3,100%,,,Mike B,4,7,5,0,12,58.3%,44.7%,4,TBD,-$25.00,-$25.00,,
2026-27,1,5,Philadelphia,Joe,2,1,0,3,67%,,,Matt,2,6,6,0,12,50.0%,48.7%,5,TBD,-$25.00,-$25.00,,
2026-27,1,6,Detroit,Escalante,2,1,0,3,67%,,,Escalante,6,5,7,0,12,41.7%,51.1%,6,TBD,-$25.00,-$25.00,,
2026-27,1,7,Green Bay,Luis,1,2,0,3,33%,,,Jack,1,5,7,0,12,41.7%,49.0%,7,TBD,-$25.00,-$25.00,TBD,Relegation Zone
2026-27,1,8,San Francisco,Austin,3,0,0,3,100%,,,Thomas,3,4,8,0,12,33.3%,51.4%,8,TBD,-$25.00,-$25.00,TBD,
2026-27,1,9,Cincinnati,Austin,2,1,0,3,67%,,,,,,,,,,,,,,,,
2026-27,1,10,Kansas City,Luis,3,0,0,3,100%,,,TOTAL,,48,48,0,96,,,,,$0.00,$0.00,,
2026-27,1,11,Denver,Escalante,2,1,0,3,67%,,,AVG,,6.0,6.0,0.0,12.0,,,,,,,,
2026-27,1,12,New England,Joe,1,2,0,3,33%,,,,,,,,,,,,,,,,
2026-27,1,13,Houston,Mike B,0,3,0,3,0%,,League,Owner,Pick,Wins,Losses,Ties,Games,Win %,Hist. %,Rank,First / Last?,Net $ (Raw),Net $ (Adj),Pro / Rel?,
2026-27,1,14,Dallas,Thomas,1,2,0,3,33%,,2,Reynolds,4,10,2,0,12,83.3%,50.2%,1,TBD,$140.00,$140.00,TBD,Promotion Zone
2026-27,1,15,L.A. Chargers,Matt,0,3,0,3,0%,,,Nicholas,3,8,4,0,12,66.7%,48.9%,2,TBD,-$20.00,-$20.00,TBD,
2026-27,1,16,Jacksonville,Jack,2,1,0,3,67%,,,Ryan,2,7,5,0,12,58.3%,41.7%,3,TBD,-$20.00,-$20.00,,
2026-27,1,17,Chicago,Jack,2,1,0,3,67%,,,Mykolas,5,5,7,0,12,41.7%,51.2%,4,TBD,-$20.00,-$20.00,,
2026-27,1,18,Minnesota,Matt,3,0,0,3,100%,,,Evans,7,5,7,0,12,41.7%,51.0%,5,TBD,-$20.00,-$20.00,,
2026-27,1,19,Tampa Bay,Thomas,0,3,0,3,0%,,,Tom,8,5,7,0,12,41.7%,42.0%,6,TBD,-$20.00,-$20.00,,
2026-27,1,20,Pittsburgh,Mike B,2,1,0,3,67%,,,Gabe,1,4,8,0,12,33.3%,51.1%,7,TBD,-$20.00,-$20.00,,
2026-27,1,21,New Orleans,Joe,1,2,0,3,33%,,,Mike W,6,4,8,0,12,33.3%,50.2%,8,TBD,-$20.00,-$20.00,,
2026-27,1,22,Indianapolis,Escalante,1,2,0,3,33%,,,,,,,,,,,,,,,,
2026-27,1,23,N.Y. Giants,Luis,2,1,0,3,67%,,,TOTAL,,48,48,0,96,,,,,$0.00,$0.00,,
2026-27,1,24,Carolina,Austin,1,2,0,3,33%,,,AVG,,6.0,6.0,0.0,12.0,,,,,,,,
2026-27,1,25,Washington,Austin,1,2,0,3,33%,,,,,,,,,,,,,,,,
2026-27,1,26,Atlanta,Luis,1,2,0,3,33%,,Promotion & Relegation:,,"League 1: Bottom 2 owners (by # wins) relegated to League 2
League 2: Top 2 owners (by # wins) promoted to League 1
Promotion / Relegation Tiebreakers: 1) Most ties this season; 2) best historical win %",,,,,,,,,,,,
2026-27,1,27,Tennessee,Escalante,0,3,0,3,0%,,,,,,,,,,,,,,,,
2026-27,1,28,Las Vegas,Joe,3,0,0,3,100%,,,,,,,,,,,,,,,,
2026-27,1,29,Cleveland,Mike B,2,1,0,3,67%,,,,,,,,,,,,,,,,
2026-27,1,30,N.Y. Jets,Thomas,1,2,0,3,33%,,,,,,,,,,,,,,,,
2026-27,1,31,Arizona,Matt,1,2,0,3,33%,,,,,,,,,,,,,,,,
2026-27,1,32,Miami,Jack,0,3,0,3,0%,,,,,,,,,,,,,,,,
2026-27,2,1,L.A. Rams,Gabe,1,2,0,3,33%,,,,,,,,,,,,,,,,
2026-27,2,2,Kansas City,Ryan,3,0,0,3,100%,,,,,,,,,,,,,,,,
2026-27,2,3,Buffalo,Nicholas,3,0,0,3,100%,,,,,,,,,,,,,,,,
2026-27,2,4,Baltimore,Reynolds,2,1,0,3,67%,,,,,,,,,,,,,,,,
2026-27,2,5,Seattle,Mykolas,2,1,0,3,67%,,,,,,,,,,,,,,,,
2026-27,2,6,Philadelphia,Mike W,2,1,0,3,67%,,,,,,,,,,,,,,,,
2026-27,2,7,Chicago,Evans,2,1,0,3,67%,,,,,,,,,,,,,,,,
2026-27,2,8,San Francisco,Tom,3,0,0,3,100%,,,,,,,,,,,,,,,,
2026-27,2,9,Denver,Tom,2,1,0,3,67%,,,,,,,,,,,,,,,,
2026-27,2,10,L.A. Chargers,Evans,0,3,0,3,0%,,,,,,,,,,,,,,,,
2026-27,2,11,Houston,Mike W,0,3,0,3,0%,,,,,,,,,,,,,,,,
2026-27,2,12,New England,Mykolas,1,2,0,3,33%,,,,,,,,,,,,,,,,
2026-27,2,13,Detroit,Reynolds,2,1,0,3,67%,,,,,,,,,,,,,,,,
2026-27,2,14,Cincinnati,Nicholas,2,1,0,3,67%,,,,,,,,,,,,,,,,
2026-27,2,15,Green Bay,Ryan,1,2,0,3,33%,,,,,,,,,,,,,,,,
2026-27,2,16,Jacksonville,Gabe,2,1,0,3,67%,,,,,,,,,,,,,,,,
2026-27,2,17,Tampa Bay,Gabe,0,3,0,3,0%,,,,,,,,,,,,,,,,
2026-27,2,18,Pittsburgh,Ryan,2,1,0,3,67%,,,,,,,,,,,,,,,,
2026-27,2,19,Dallas,Nicholas,1,2,0,3,33%,,,,,,,,,,,,,,,,
2026-27,2,20,Minnesota,Reynolds,3,0,0,3,100%,,,,,,,,,,,,,,,,
2026-27,2,21,Indianapolis,Mykolas,1,2,0,3,33%,,,,,,,,,,,,,,,,
2026-27,2,22,Washington,Mike W,1,2,0,3,33%,,,,,,,,,,,,,,,,
2026-27,2,23,N.Y. Giants,Evans,2,1,0,3,67%,,,,,,,,,,,,,,,,
2026-27,2,24,Miami,Tom,0,3,0,3,0%,,,,,,,,,,,,,,,,
2026-27,2,25,Tennessee,Tom,0,3,0,3,0%,,,,,,,,,,,,,,,,
2026-27,2,26,Carolina,Evans,1,2,0,3,33%,,,,,,,,,,,,,,,,
2026-27,2,27,Atlanta,Mike W,1,2,0,3,33%,,,,,,,,,,,,,,,,
2026-27,2,28,New Orleans,Mykolas,1,2,0,3,33%,,,,,,,,,,,,,,,,
2026-27,2,29,Las Vegas,Reynolds,3,0,0,3,100%,,,,,,,,,,,,,,,,
2026-27,2,30,Cleveland,Nicholas,2,1,0,3,67%,,,,,,,,,,,,,,,,
2026-27,2,31,N.Y. Jets,Ryan,1,2,0,3,33%,,,,,,,,,,,,,,,,
2026-27,2,32,Arizona,Gabe,1,2,0,3,33%,,,,,,,,,,,,,,,,
,,,,,,,,,,,,,,,,,,,,,,,,,
TOTAL,,,,,96,96,0,192,,,,,,,,,,,,,,,,,
AVG,,,,,1.5,1.5,0.0,3.0,50.0%,,,,,,,,,,,,,,,,